mean_fit_time,std_fit_time,mean_score_time,std_score_time,param_regressor__alpha,param_regressor__eta0,param_regressor__l1_ratio,param_regressor__learning_rate,param_regressor__loss,param_regressor__max_iter,param_regressor__penalty,param_regressor__tol,params,split0_test_score,split1_test_score,split2_test_score,split3_test_score,split4_test_score,mean_test_score,std_test_score,rank_test_score
0.006728363037109375,0.0010396209857703772,0.002107048034667969,0.0005828245544960217,0.01,0.001,0.15,adaptive,squared_error,20000,l2,0.0001,"{'regressor__alpha': 0.01, 'regressor__eta0': 0.001, 'regressor__l1_ratio': 0.15, 'regressor__learning_rate': 'adaptive', 'regressor__loss': 'squared_error', 'regressor__max_iter': 20000, 'regressor__penalty': 'l2', 'regressor__tol': 0.0001}",-3421002.3677310473,-4739072.117540751,-10033294.033324724,-7936203.704428967,-6680391.575354539,-6561992.759676006,2329861.2337425365,1
0.007277059555053711,0.0016737088953000447,0.0020807743072509765,0.00038482713236087803,0.01,0.001,0.5,adaptive,squared_error,20000,l2,0.0001,"{'regressor__alpha': 0.01, 'regressor__eta0': 0.001, 'regressor__l1_ratio': 0.5, 'regressor__learning_rate': 'adaptive', 'regressor__loss': 'squared_error', 'regressor__max_iter': 20000, 'regressor__penalty': 'l2', 'regressor__tol': 0.0001}",-3421002.3677310473,-4739072.117540751,-10033294.033324724,-7936203.704428967,-6680391.575354539,-6561992.759676006,2329861.2337425365,1
0.009419488906860351,0.0014119536385810377,0.002037811279296875,0.0002746505620343877,0.01,0.001,0.15,adaptive,squared_error,20000,elasticnet,0.0001,"{'regressor__alpha': 0.01, 'regressor__eta0': 0.001, 'regressor__l1_ratio': 0.15, 'regressor__learning_rate': 'adaptive', 'regressor__loss': 'squared_error', 'regressor__max_iter': 20000, 'regressor__penalty': 'elasticnet', 'regressor__tol': 0.0001}",-3421314.22422967,-4746372.414334368,-10027414.060039682,-7938904.0047273245,-6677620.921252995,-6562325.124916809,2327175.8672954347,3
0.014279031753540039,0.0028706817886138742,0.002008533477783203,0.00024360464725818866,0.01,0.001,0.5,adaptive,squared_error,20000,elasticnet,0.0001,"{'regressor__alpha': 0.01, 'regressor__eta0': 0.001, 'regressor__l1_ratio': 0.5, 'regressor__learning_rate': 'adaptive', 'regressor__loss': 'squared_error', 'regressor__max_iter': 20000, 'regressor__penalty': 'elasticnet', 'regressor__tol': 0.0001}",-3420531.813962974,-4781907.326013446,-10001501.699424872,-7955723.836948603,-6675789.366284456,-6567090.80852687,2316160.996308798,4
0.005217504501342773,0.0008045248817809349,0.0019380569458007813,0.0001618143506437893,0.01,0.01,0.15,adaptive,squared_error,20000,l2,0.0001,"{'regressor__alpha': 0.01, 'regressor__eta0': 0.01, 'regressor__l1_ratio': 0.15, 'regressor__learning_rate': 'adaptive', 'regressor__loss': 'squared_error', 'regressor__max_iter': 20000, 'regressor__penalty': 'l2', 'regressor__tol': 0.0001}",-3384608.444450341,-4859512.366291571,-9969541.522417862,-8042555.261290687,-6658048.871094623,-6582853.2931090165,2315371.0473881667,5
0.006184577941894531,0.001060977539215574,0.0020847320556640625,0.000542646091280064,0.01,0.01,0.5,adaptive,squared_error,20000,l2,0.0001,"{'regressor__alpha': 0.01, 'regressor__eta0': 0.01, 'regressor__l1_ratio': 0.5, 'regressor__learning_rate': 'adaptive', 'regressor__loss': 'squared_error', 'regressor__max_iter': 20000, 'regressor__penalty': 'l2', 'regressor__tol': 0.0001}",-3384608.444450341,-4859512.366291571,-9969541.522417862,-8042555.261290687,-6658048.871094623,-6582853.2931090165,2315371.0473881667,5
0.004769802093505859,0.0003444089198695428,0.002904796600341797,0.0015806042271220098,0.01,0.01,0.15,adaptive,squared_error,20000,elasticnet,0.0001,"{'regressor__alpha': 0.01, 'regressor__eta0': 0.01, 'regressor__l1_ratio': 0.15, 'regressor__learning_rate': 'adaptive', 'regressor__loss': 'squared_error', 'regressor__max_iter': 20000, 'regressor__penalty': 'elasticnet', 'regressor__tol': 0.0001}",-3385314.9873294113,-4868979.7349584345,-9964301.495571714,-8052687.415917624,-6654672.794683081,-6585191.285692053,2313497.300388577,7
0.005714035034179688,0.0011318843094508734,0.0018143177032470704,0.00025510045513151523,0.01,0.01,0.5,adaptive,squared_error,20000,elasticnet,0.0001,"{'regressor__alpha': 0.01, 'regressor__eta0': 0.01, 'regressor__l1_ratio': 0.5, 'regressor__learning_rate': 'adaptive', 'regressor__loss': 'squared_error', 'regressor__max_iter': 20000, 'regressor__penalty': 'elasticnet', 'regressor__tol': 0.0001}",-3386711.3412579964,-4892481.751452343,-9952515.262873663,-8065435.219540655,-6647549.33398196,-6588938.581821324,2307784.682690124,8
0.09651656150817871,0.03763079691040477,0.0036547183990478516,0.001799698944963528,0.001,0.001,0.5,adaptive,squared_error,20000,l2,0.0001,"{'regressor__alpha': 0.001, 'regressor__eta0': 0.001, 'regressor__l1_ratio': 0.5, 'regressor__learning_rate': 'adaptive', 'regressor__loss': 'squared_error', 'regressor__max_iter': 20000, 'regressor__penalty': 'l2', 'regressor__tol': 0.0001}",-3411882.657109153,-4842911.079196405,-10009444.15450966,-8051391.474837035,-6736093.642798738,-6610344.601690197,2323802.3474164684,9
0.10586957931518555,0.03767027172939197,0.0029257774353027345,0.0007631911607614363,0.001,0.001,0.15,adaptive,squared_error,20000,l2,0.0001,"{'regressor__alpha': 0.001, 'regressor__eta0': 0.001, 'regressor__l1_ratio': 0.15, 'regressor__learning_rate': 'adaptive', 'regressor__loss': 'squared_error', 'regressor__max_iter': 20000, 'regressor__penalty': 'l2', 'regressor__tol': 0.0001}",-3411882.657109153,-4842911.079196405,-10009444.15450966,-8051391.474837035,-6736093.642798738,-6610344.601690197,2323802.3474164684,9
0.1407501220703125,0.047382837699299934,0.0036539554595947264,0.0020790085519120593,0.001,0.001,0.15,adaptive,squared_error,20000,elasticnet,0.0001,"{'regressor__alpha': 0.001, 'regressor__eta0': 0.001, 'regressor__l1_ratio': 0.15, 'regressor__learning_rate': 'adaptive', 'regressor__loss': 'squared_error', 'regressor__max_iter': 20000, 'regressor__penalty': 'elasticnet', 'regressor__tol': 0.0001}",-3411044.8011029107,-4842226.704084115,-10014997.523277195,-8059791.462973944,-6744852.19348993,-6614582.536985619,2326900.097804068,11
0.05414834022521973,0.04656283098533495,0.003062915802001953,0.0006514361652045814,0.001,0.01,0.15,adaptive,squared_error,20000,l2,0.0001,"{'regressor__alpha': 0.001, 'regressor__eta0': 0.01, 'regressor__l1_ratio': 0.15, 'regressor__learning_rate': 'adaptive', 'regressor__loss': 'squared_error', 'regressor__max_iter': 20000, 'regressor__penalty': 'l2', 'regressor__tol': 0.0001}",-3385567.980485359,-4921643.453808954,-10003088.868975207,-8079390.536649256,-6732944.974980039,-6624527.162979763,2320936.4735833206,12
0.049436187744140624,0.04150929598356911,0.0029309749603271484,0.0014566748304348876,0.001,0.01,0.5,adaptive,squared_error,20000,l2,0.0001,"{'regressor__alpha': 0.001, 'regressor__eta0': 0.01, 'regressor__l1_ratio': 0.5, 'regressor__learning_rate': 'adaptive', 'regressor__loss': 'squared_error', 'regressor__max_iter': 20000, 'regressor__penalty': 'l2', 'regressor__tol': 0.0001}",-3385567.980485359,-4921643.453808954,-10003088.868975207,-8079390.536649256,-6732944.974980039,-6624527.162979763,2320936.4735833206,12
0.08464713096618652,0.06308793254828605,0.0027423381805419924,0.0008686560637427978,0.001,0.01,0.15,adaptive,squared_error,20000,elasticnet,0.0001,"{'regressor__alpha': 0.001, 'regressor__eta0': 0.01, 'regressor__l1_ratio': 0.15, 'regressor__learning_rate': 'adaptive', 'regressor__loss': 'squared_error', 'regressor__max_iter': 20000, 'regressor__penalty': 'elasticnet', 'regressor__tol': 0.0001}",-3385958.245766282,-4921999.087569422,-10010347.73491759,-8084935.465618095,-6742684.121381581,-6629184.931050594,2323676.243699878,14
0.18480172157287597,0.04605367283010176,0.0025096416473388674,0.000353929643148215,0.001,0.001,0.5,adaptive,squared_error,20000,elasticnet,0.0001,"{'regressor__alpha': 0.001, 'regressor__eta0': 0.001, 'regressor__l1_ratio': 0.5, 'regressor__learning_rate': 'adaptive', 'regressor__loss': 'squared_error', 'regressor__max_iter': 20000, 'regressor__penalty': 'elasticnet', 'regressor__tol': 0.0001}",-3408066.180937118,-4855539.064097117,-10028778.283663804,-8083076.280247574,-6771199.778947245,-6629331.9175785715,2332922.150055308,15
0.20276813507080077,0.01000211466797651,0.002838277816772461,0.0011186532514684028,0.01,0.001,0.15,adaptive,squared_error,20000,l1,0.0001,"{'regressor__alpha': 0.01, 'regressor__eta0': 0.001, 'regressor__l1_ratio': 0.15, 'regressor__learning_rate': 'adaptive', 'regressor__loss': 'squared_error', 'regressor__max_iter': 20000, 'regressor__penalty': 'l1', 'regressor__tol': 0.0001}",-3399984.0992409894,-4873409.096910636,-9981949.471977789,-8110842.623673238,-6812247.286122191,-6635686.515584969,2322934.6460782485,16
0.19750781059265138,0.007256795810035834,0.0033822059631347656,0.0012098541622945834,0.01,0.001,0.5,adaptive,squared_error,20000,l1,0.0001,"{'regressor__alpha': 0.01, 'regressor__eta0': 0.001, 'regressor__l1_ratio': 0.5, 'regressor__learning_rate': 'adaptive', 'regressor__loss': 'squared_error', 'regressor__max_iter': 20000, 'regressor__penalty': 'l1', 'regressor__tol': 0.0001}",-3399984.0992409894,-4873409.096910636,-9981949.471977789,-8110842.623673238,-6812247.286122191,-6635686.515584969,2322934.6460782485,16
0.11651902198791504,0.05991288580437726,0.002865171432495117,0.0012509742427209024,0.001,0.01,0.5,adaptive,squared_error,20000,elasticnet,0.0001,"{'regressor__alpha': 0.001, 'regressor__eta0': 0.01, 'regressor__l1_ratio': 0.5, 'regressor__learning_rate': 'adaptive', 'regressor__loss': 'squared_error', 'regressor__max_iter': 20000, 'regressor__penalty': 'elasticnet', 'regressor__tol': 0.0001}",-3388401.7166943233,-4923785.943258575,-10028259.62576735,-8103307.4391867705,-6770383.237932632,-6642827.59256793,2330528.431496723,18
1.2249188423156738,0.11514287364726992,0.045374155044555664,0.04436757287575767,0.0001,0.001,0.5,adaptive,squared_error,20000,l2,0.0001,"{'regressor__alpha': 0.0001, 'regressor__eta0': 0.001, 'regressor__l1_ratio': 0.5, 'regressor__learning_rate': 'adaptive', 'regressor__loss': 'squared_error', 'regressor__max_iter': 20000, 'regressor__penalty': 'l2', 'regressor__tol': 0.0001}",-3400905.514705437,-4871626.011145312,-10044224.880042309,-8105815.361059879,-6805766.9325804915,-6645667.739906685,2340237.5697907493,19
0.17763028144836426,0.0073822079003820415,0.003010416030883789,0.0009175105346094603,0.0001,0.001,0.15,adaptive,squared_error,20000,l2,0.0001,"{'regressor__alpha': 0.0001, 'regressor__eta0': 0.001, 'regressor__l1_ratio': 0.15, 'regressor__learning_rate': 'adaptive', 'regressor__loss': 'squared_error', 'regressor__max_iter': 20000, 'regressor__penalty': 'l2', 'regressor__tol': 0.0001}",-3400905.514705437,-4871626.011145312,-10044224.880042309,-8105815.361059879,-6805766.9325804915,-6645667.739906685,2340237.5697907493,19
0.22464118003845215,0.007313318320657576,0.0027430057525634766,0.0005552094563156579,0.0001,0.001,0.15,adaptive,squared_error,20000,elasticnet,0.0001,"{'regressor__alpha': 0.0001, 'regressor__eta0': 0.001, 'regressor__l1_ratio': 0.15, 'regressor__learning_rate': 'adaptive', 'regressor__loss': 'squared_error', 'regressor__max_iter': 20000, 'regressor__penalty': 'elasticnet', 'regressor__tol': 0.0001}",-3399959.5470436853,-4871815.620979945,-10044850.86419955,-8106620.215155654,-6806285.446629134,-6645906.3388015935,2340760.509899208,21
0.23920269012451173,0.04225385030952598,0.0029781818389892577,0.0006473336837544124,0.001,0.001,0.5,adaptive,squared_error,20000,l1,0.0001,"{'regressor__alpha': 0.001, 'regressor__eta0': 0.001, 'regressor__l1_ratio': 0.5, 'regressor__learning_rate': 'adaptive', 'regressor__loss': 'squared_error', 'regressor__max_iter': 20000, 'regressor__penalty': 'l1', 'regressor__tol': 0.0001}",-3400019.6766553177,-4873464.932849207,-10044103.94912603,-8111281.265596291,-6811819.23176214,-6648137.811197798,2340935.7798381443,22
0.237318754196167,0.009217148982159496,0.003299045562744141,0.00082232576596222,0.001,0.001,0.15,adaptive,squared_error,20000,l1,0.0001,"{'regressor__alpha': 0.001, 'regressor__eta0': 0.001, 'regressor__l1_ratio': 0.15, 'regressor__learning_rate': 'adaptive', 'regressor__loss': 'squared_error', 'regressor__max_iter': 20000, 'regressor__penalty': 'l1', 'regressor__tol': 0.0001}",-3400019.6766553177,-4873464.932849207,-10044103.94912603,-8111281.265596291,-6811819.23176214,-6648137.811197798,2340935.7798381443,22
0.5558330059051514,0.2811715051442256,0.0047856330871582035,0.0013870019607383707,0.0001,0.001,0.5,adaptive,squared_error,20000,l1,0.0001,"{'regressor__alpha': 0.0001, 'regressor__eta0': 0.001, 'regressor__l1_ratio': 0.5, 'regressor__learning_rate': 'adaptive', 'regressor__loss': 'squared_error', 'regressor__max_iter': 20000, 'regressor__penalty': 'l1', 'regressor__tol': 0.0001}",-3400023.2345676166,-4873470.516610718,-10044103.934617653,-8111290.501812749,-6811823.469841166,-6648142.331489981,2340935.1555140046,24
0.22301011085510253,0.010003204791694639,0.0035608291625976564,0.0012193517674162233,0.0001,0.001,0.15,adaptive,squared_error,20000,l1,0.0001,"{'regressor__alpha': 0.0001, 'regressor__eta0': 0.001, 'regressor__l1_ratio': 0.15, 'regressor__learning_rate': 'adaptive', 'regressor__loss': 'squared_error', 'regressor__max_iter': 20000, 'regressor__penalty': 'l1', 'regressor__tol': 0.0001}",-3400023.2345676166,-4873470.516610718,-10044103.934617653,-8111290.501812749,-6811823.469841166,-6648142.331489981,2340935.1555140046,24
0.29488191604614256,0.05906723513914111,0.003246116638183594,0.0007538719375921203,1e-05,0.001,0.15,adaptive,squared_error,20000,l1,0.0001,"{'regressor__alpha': 1e-05, 'regressor__eta0': 0.001, 'regressor__l1_ratio': 0.15, 'regressor__learning_rate': 'adaptive', 'regressor__loss': 'squared_error', 'regressor__max_iter': 20000, 'regressor__penalty': 'l1', 'regressor__tol': 0.0001}",-3400023.590360566,-4873471.074988582,-10044103.933145598,-8111291.425436045,-6811823.893650663,-6648142.783516291,2340935.0930751283,26
0.2220907688140869,0.006238467371679629,0.0026153087615966796,0.0002251645358332235,1e-05,0.001,0.5,adaptive,squared_error,20000,l1,0.0001,"{'regressor__alpha': 1e-05, 'regressor__eta0': 0.001, 'regressor__l1_ratio': 0.5, 'regressor__learning_rate': 'adaptive', 'regressor__loss': 'squared_error', 'regressor__max_iter': 20000, 'regressor__penalty': 'l1', 'regressor__tol': 0.0001}",-3400023.590360566,-4873471.074988582,-10044103.933145598,-8111291.425436045,-6811823.893650663,-6648142.783516291,2340935.0930751283,26
0.21685290336608887,0.006161483619278281,0.0029978275299072264,0.0009277276817075623,1e-05,0.001,0.5,adaptive,squared_error,20000,elasticnet,0.0001,"{'regressor__alpha': 1e-05, 'regressor__eta0': 0.001, 'regressor__l1_ratio': 0.5, 'regressor__learning_rate': 'adaptive', 'regressor__loss': 'squared_error', 'regressor__max_iter': 20000, 'regressor__penalty': 'elasticnet', 'regressor__tol': 0.0001}",-3400019.8364159046,-4873436.819692066,-10044322.757451817,-8110920.967226606,-6812291.250865955,-6648198.32633047,2340965.0604620804,28
0.26992053985595704,0.05737519370346383,0.0032808780670166016,0.000715430810482845,1e-05,0.001,0.15,adaptive,squared_error,20000,l2,0.0001,"{'regressor__alpha': 1e-05, 'regressor__eta0': 0.001, 'regressor__l1_ratio': 0.15, 'regressor__learning_rate': 'adaptive', 'regressor__loss': 'squared_error', 'regressor__max_iter': 20000, 'regressor__penalty': 'l2', 'regressor__tol': 0.0001}",-3400016.083507552,-4873402.566740463,-10044327.315860968,-8110896.841771721,-6812522.0262736175,-6648232.966830865,2340972.84067182,29
0.18723788261413574,0.006983568100937619,0.0032530307769775392,0.0008735822588583084,1e-05,0.001,0.5,adaptive,squared_error,20000,l2,0.0001,"{'regressor__alpha': 1e-05, 'regressor__eta0': 0.001, 'regressor__l1_ratio': 0.5, 'regressor__learning_rate': 'adaptive', 'regressor__loss': 'squared_error', 'regressor__max_iter': 20000, 'regressor__penalty': 'l2', 'regressor__tol': 0.0001}",-3400016.083507552,-4873402.566740463,-10044327.315860968,-8110896.841771721,-6812522.0262736175,-6648232.966830865,2340972.84067182,29
0.39863085746765137,0.051966968468455284,0.004168176651000976,0.002146445530594053,1e-05,0.001,0.15,adaptive,squared_error,20000,elasticnet,0.0001,"{'regressor__alpha': 1e-05, 'regressor__eta0': 0.001, 'regressor__l1_ratio': 0.15, 'regressor__learning_rate': 'adaptive', 'regressor__loss': 'squared_error', 'regressor__max_iter': 20000, 'regressor__penalty': 'elasticnet', 'regressor__tol': 0.0001}",-3400017.209276999,-4873412.842365085,-10044325.948042028,-8110904.079236371,-6812522.980771009,-6648236.611938299,2340971.491092588,31
0.38538708686828616,0.054404273121574934,0.004893350601196289,0.0031789815961567915,0.0001,0.001,0.5,adaptive,squared_error,20000,elasticnet,0.0001,"{'regressor__alpha': 0.0001, 'regressor__eta0': 0.001, 'regressor__l1_ratio': 0.5, 'regressor__learning_rate': 'adaptive', 'regressor__loss': 'squared_error', 'regressor__max_iter': 20000, 'regressor__penalty': 'elasticnet', 'regressor__tol': 0.0001}",-3399985.7382399486,-4872373.3943959065,-10046270.583373263,-8108592.077105518,-6816166.062283243,-6648677.571079576,2341465.1904156203,32
0.211653995513916,0.011960668188244733,0.0028974056243896485,0.00034729280113494535,0.01,0.01,0.5,adaptive,squared_error,20000,l1,0.0001,"{'regressor__alpha': 0.01, 'regressor__eta0': 0.01, 'regressor__l1_ratio': 0.5, 'regressor__learning_rate': 'adaptive', 'regressor__loss': 'squared_error', 'regressor__max_iter': 20000, 'regressor__penalty': 'l1', 'regressor__tol': 0.0001}",-3390966.530151871,-4901953.660473261,-10035752.002667345,-8135153.727786481,-6804454.820305241,-6653656.14827684,2339647.5305422223,33
0.19430184364318848,0.009209194131668803,0.0021434783935546874,0.00012585119313412532,0.01,0.01,0.15,adaptive,squared_error,20000,l1,0.0001,"{'regressor__alpha': 0.01, 'regressor__eta0': 0.01, 'regressor__l1_ratio': 0.15, 'regressor__learning_rate': 'adaptive', 'regressor__loss': 'squared_error', 'regressor__max_iter': 20000, 'regressor__penalty': 'l1', 'regressor__tol': 0.0001}",-3390966.530151871,-4901953.660473261,-10035752.002667345,-8135153.727786481,-6804454.820305241,-6653656.14827684,2339647.5305422223,33
0.24613494873046876,0.004209411222292187,0.002441263198852539,0.00041423551196180346,0.001,0.01,0.15,adaptive,squared_error,20000,l1,0.0001,"{'regressor__alpha': 0.001, 'regressor__eta0': 0.01, 'regressor__l1_ratio': 0.15, 'regressor__learning_rate': 'adaptive', 'regressor__loss': 'squared_error', 'regressor__max_iter': 20000, 'regressor__penalty': 'l1', 'regressor__tol': 0.0001}",-3391002.0458773477,-4902010.662788174,-10035752.803131407,-8135249.556129681,-6804497.230389262,-6653702.459663173,2339642.003770561,35
0.2067718029022217,0.009763097269915002,0.002389383316040039,0.00034259860173874797,0.001,0.01,0.5,adaptive,squared_error,20000,l1,0.0001,"{'regressor__alpha': 0.001, 'regressor__eta0': 0.01, 'regressor__l1_ratio': 0.5, 'regressor__learning_rate': 'adaptive', 'regressor__loss': 'squared_error', 'regressor__max_iter': 20000, 'regressor__penalty': 'l1', 'regressor__tol': 0.0001}",-3391002.0458773477,-4902010.662788174,-10035752.803131407,-8135249.556129681,-6804497.230389262,-6653702.459663173,2339642.003770561,35
0.276196813583374,0.018830149452431787,0.0037462711334228516,0.0009192453453251455,0.0001,0.01,0.5,adaptive,squared_error,20000,l1,0.0001,"{'regressor__alpha': 0.0001, 'regressor__eta0': 0.01, 'regressor__l1_ratio': 0.5, 'regressor__learning_rate': 'adaptive', 'regressor__loss': 'squared_error', 'regressor__max_iter': 20000, 'regressor__penalty': 'l1', 'regressor__tol': 0.0001}",-3391005.597633756,-4902016.363116211,-10035752.883425673,-8135259.127853671,-6804501.471535273,-6653707.088712918,2339641.4497156967,37
0.2366776943206787,0.0094868814966545,0.0030667781829833984,0.0003735766405322488,0.0001,0.01,0.15,adaptive,squared_error,20000,l1,0.0001,"{'regressor__alpha': 0.0001, 'regressor__eta0': 0.01, 'regressor__l1_ratio': 0.15, 'regressor__learning_rate': 'adaptive', 'regressor__loss': 'squared_error', 'regressor__max_iter': 20000, 'regressor__penalty': 'l1', 'regressor__tol': 0.0001}",-3391005.597633756,-4902016.363116211,-10035752.883425673,-8135259.127853671,-6804501.471535273,-6653707.088712918,2339641.4497156967,37
0.20055069923400878,0.003926177143442663,0.0033634662628173827,0.0018212413428037243,1e-05,0.01,0.5,adaptive,squared_error,20000,l1,0.0001,"{'regressor__alpha': 1e-05, 'regressor__eta0': 0.01, 'regressor__l1_ratio': 0.5, 'regressor__learning_rate': 'adaptive', 'regressor__loss': 'squared_error', 'regressor__max_iter': 20000, 'regressor__penalty': 'l1', 'regressor__tol': 0.0001}",-3391005.9528112453,-4902016.933151005,-10035752.891457662,-8135260.0850277785,-6804501.895651145,-6653707.551619766,2339641.3943105866,39
0.21979022026062012,0.002823249234027926,0.0023682117462158203,0.00039272995577334667,1e-05,0.01,0.15,adaptive,squared_error,20000,l1,0.0001,"{'regressor__alpha': 1e-05, 'regressor__eta0': 0.01, 'regressor__l1_ratio': 0.15, 'regressor__learning_rate': 'adaptive', 'regressor__loss': 'squared_error', 'regressor__max_iter': 20000, 'regressor__penalty': 'l1', 'regressor__tol': 0.0001}",-3391005.9528112453,-4902016.933151005,-10035752.891457662,-8135260.0850277785,-6804501.895651145,-6653707.551619766,2339641.3943105866,39
0.20766816139221192,0.003457979268666124,0.0031366348266601562,0.0017006256227805729,1e-05,0.01,0.5,adaptive,squared_error,20000,elasticnet,0.0001,"{'regressor__alpha': 1e-05, 'regressor__eta0': 0.01, 'regressor__l1_ratio': 0.5, 'regressor__learning_rate': 'adaptive', 'regressor__loss': 'squared_error', 'regressor__max_iter': 20000, 'regressor__penalty': 'elasticnet', 'regressor__tol': 0.0001}",-3391002.7358842464,-4903730.265035431,-10035759.209752535,-8135233.021769968,-6804499.94452615,-6654045.0353936665,2339384.198093557,41
0.16284828186035155,0.004310231865984035,0.002280712127685547,0.00021112537995531333,1e-05,0.01,0.5,adaptive,squared_error,20000,l2,0.0001,"{'regressor__alpha': 1e-05, 'regressor__eta0': 0.01, 'regressor__l1_ratio': 0.5, 'regressor__learning_rate': 'adaptive', 'regressor__loss': 'squared_error', 'regressor__max_iter': 20000, 'regressor__penalty': 'l2', 'regressor__tol': 0.0001}",-3390999.519958933,-4903694.369230885,-10036260.091649674,-8134663.711688398,-6805022.788573581,-6654128.096220294,2339469.943775836,42
0.17770962715148925,0.0026563026186222187,0.0026167869567871095,0.00026756932695690545,1e-05,0.01,0.15,adaptive,squared_error,20000,l2,0.0001,"{'regressor__alpha': 1e-05, 'regressor__eta0': 0.01, 'regressor__l1_ratio': 0.15, 'regressor__learning_rate': 'adaptive', 'regressor__loss': 'squared_error', 'regressor__max_iter': 20000, 'regressor__penalty': 'l2', 'regressor__tol': 0.0001}",-3390999.519958933,-4903694.369230885,-10036260.091649674,-8134663.711688398,-6805022.788573581,-6654128.096220294,2339469.943775836,42
0.2365283966064453,0.013362512634712453,0.0027939796447753905,0.0006147997673483044,1e-05,0.01,0.15,adaptive,squared_error,20000,elasticnet,0.0001,"{'regressor__alpha': 1e-05, 'regressor__eta0': 0.01, 'regressor__l1_ratio': 0.15, 'regressor__learning_rate': 'adaptive', 'regressor__loss': 'squared_error', 'regressor__max_iter': 20000, 'regressor__penalty': 'elasticnet', 'regressor__tol': 0.0001}",-3391000.484615865,-4903705.137644024,-10036258.223285073,-8134671.800282696,-6805023.397237732,-6654131.808613079,2339468.5546663967,44
0.3373114109039307,0.056623509469831884,0.00639033317565918,0.003357609615070966,0.0001,0.01,0.5,adaptive,squared_error,20000,elasticnet,0.0001,"{'regressor__alpha': 0.0001, 'regressor__eta0': 0.01, 'regressor__l1_ratio': 0.5, 'regressor__learning_rate': 'adaptive', 'regressor__loss': 'squared_error', 'regressor__max_iter': 20000, 'regressor__penalty': 'elasticnet', 'regressor__tol': 0.0001}",-3391250.720744823,-4905002.372739723,-10037288.682207894,-8133898.848003242,-6806043.051764799,-6654696.735092096,2339418.0100747542,45
0.2431931495666504,0.0434608898827149,0.0027744293212890623,0.00045244616301721985,0.0001,0.01,0.15,adaptive,squared_error,20000,elasticnet,0.0001,"{'regressor__alpha': 0.0001, 'regressor__eta0': 0.01, 'regressor__l1_ratio': 0.15, 'regressor__learning_rate': 'adaptive', 'regressor__loss': 'squared_error', 'regressor__max_iter': 20000, 'regressor__penalty': 'elasticnet', 'regressor__tol': 0.0001}",-3391227.668826383,-4906449.402736613,-10037815.44477982,-8132979.954290498,-6808054.227446781,-6655305.339616019,2339270.366162406,46
0.18428096771240235,0.019598930157092614,0.0027727603912353514,0.00035865164766446707,0.0001,0.01,0.15,adaptive,squared_error,20000,l2,0.0001,"{'regressor__alpha': 0.0001, 'regressor__eta0': 0.01, 'regressor__l1_ratio': 0.15, 'regressor__learning_rate': 'adaptive', 'regressor__loss': 'squared_error', 'regressor__max_iter': 20000, 'regressor__penalty': 'l2', 'regressor__tol': 0.0001}",-3391220.2072435864,-4906745.345684625,-10038314.459646102,-8131877.004953976,-6808648.86385597,-6655361.176276852,2339241.014246946,47
0.19213385581970216,0.023712551773374765,0.002809286117553711,0.0008068123184951087,0.0001,0.01,0.5,adaptive,squared_error,20000,l2,0.0001,"{'regressor__alpha': 0.0001, 'regressor__eta0': 0.01, 'regressor__l1_ratio': 0.5, 'regressor__learning_rate': 'adaptive', 'regressor__loss': 'squared_error', 'regressor__max_iter': 20000, 'regressor__penalty': 'l2', 'regressor__tol': 0.0001}",-3391220.2072435864,-4906745.345684625,-10038314.459646102,-8131877.004953976,-6808648.86385597,-6655361.176276852,2339241.014246946,47
0.005539846420288086,0.001280447833251252,0.002108907699584961,0.0006893601763455431,0.01,0.1,0.15,adaptive,squared_error,20000,l2,0.0001,"{'regressor__alpha': 0.01, 'regressor__eta0': 0.1, 'regressor__l1_ratio': 0.15, 'regressor__learning_rate': 'adaptive', 'regressor__loss': 'squared_error', 'regressor__max_iter': 20000, 'regressor__penalty': 'l2', 'regressor__tol': 0.0001}",-3398517.2294272413,-4846582.350141841,-10156273.428175444,-8242634.34435182,-6816476.392150185,-6692096.748849307,2394733.6654799213,49
0.004736804962158203,0.0001778681602462057,0.0026560306549072267,0.0016651419796404757,0.01,0.1,0.5,adaptive,squared_error,20000,l2,0.0001,"{'regressor__alpha': 0.01, 'regressor__eta0': 0.1, 'regressor__l1_ratio': 0.5, 'regressor__learning_rate': 'adaptive', 'regressor__loss': 'squared_error', 'regressor__max_iter': 20000, 'regressor__penalty': 'l2', 'regressor__tol': 0.0001}",-3398517.2294272413,-4846582.350141841,-10156273.428175444,-8242634.34435182,-6816476.392150185,-6692096.748849307,2394733.6654799213,49
0.004909896850585937,0.0005556389380439099,0.0019402503967285156,0.00034998544855852033,0.01,0.1,0.15,adaptive,squared_error,20000,elasticnet,0.0001,"{'regressor__alpha': 0.01, 'regressor__eta0': 0.1, 'regressor__l1_ratio': 0.15, 'regressor__learning_rate': 'adaptive', 'regressor__loss': 'squared_error', 'regressor__max_iter': 20000, 'regressor__penalty': 'elasticnet', 'regressor__tol': 0.0001}",-3399651.7215418844,-4857245.783391432,-10161660.983618526,-8258795.148025639,-6816399.698464908,-6698750.667008477,2396435.7711653053,51
0.20177021026611328,0.003194747506447359,0.0024099826812744142,0.0003014302400720493,0.001,0.1,0.5,adaptive,squared_error,20000,l1,0.0001,"{'regressor__alpha': 0.001, 'regressor__eta0': 0.1, 'regressor__l1_ratio': 0.5, 'regressor__learning_rate': 'adaptive', 'regressor__loss': 'squared_error', 'regressor__max_iter': 20000, 'regressor__penalty': 'l1', 'regressor__tol': 0.0001}",-3394265.647127736,-4903087.290274003,-10177813.439600691,-8255422.497603595,-6833107.920985776,-6712739.35911836,2395337.41369055,52
0.20561013221740723,0.008484691928301247,0.0029876708984375,0.0009609890131298439,0.001,0.1,0.15,adaptive,squared_error,20000,l1,0.0001,"{'regressor__alpha': 0.001, 'regressor__eta0': 0.1, 'regressor__l1_ratio': 0.15, 'regressor__learning_rate': 'adaptive', 'regressor__loss': 'squared_error', 'regressor__max_iter': 20000, 'regressor__penalty': 'l1', 'regressor__tol': 0.0001}",-3394265.647127736,-4903087.290274003,-10177813.439600691,-8255422.497603595,-6833107.920985776,-6712739.35911836,2395337.41369055,52
0.4209743976593018,0.04284039161999106,0.009449291229248046,0.008217262618771504,0.0001,0.1,0.5,adaptive,squared_error,20000,l1,0.0001,"{'regressor__alpha': 0.0001, 'regressor__eta0': 0.1, 'regressor__l1_ratio': 0.5, 'regressor__learning_rate': 'adaptive', 'regressor__loss': 'squared_error', 'regressor__max_iter': 20000, 'regressor__penalty': 'l1', 'regressor__tol': 0.0001}",-3394274.390243707,-4903089.925048899,-10177817.785511578,-8255432.764098365,-6833121.520688948,-6712747.2771183,2395337.3094915715,54
0.2625387668609619,0.040954213969283546,0.002664041519165039,0.0004375805348356639,0.0001,0.1,0.15,adaptive,squared_error,20000,l1,0.0001,"{'regressor__alpha': 0.0001, 'regressor__eta0': 0.1, 'regressor__l1_ratio': 0.15, 'regressor__learning_rate': 'adaptive', 'regressor__loss': 'squared_error', 'regressor__max_iter': 20000, 'regressor__penalty': 'l1', 'regressor__tol': 0.0001}",-3394274.390243707,-4903089.925048899,-10177817.785511578,-8255432.764098365,-6833121.520688948,-6712747.2771183,2395337.3094915715,54
0.21462950706481934,0.01306602250746658,0.003071022033691406,0.0006036080115900924,0.01,0.1,0.5,adaptive,squared_error,20000,l1,0.0001,"{'regressor__alpha': 0.01, 'regressor__eta0': 0.1, 'regressor__l1_ratio': 0.5, 'regressor__learning_rate': 'adaptive', 'regressor__loss': 'squared_error', 'regressor__max_iter': 20000, 'regressor__penalty': 'l1', 'regressor__tol': 0.0001}",-3394178.305836727,-4903062.229502268,-10177582.640592884,-8255789.075712173,-6833168.877837649,-6712756.225896341,2395346.4650621694,56
0.19289755821228027,0.0036138506944095885,0.002264404296875,7.526759372418524e-05,0.01,0.1,0.15,adaptive,squared_error,20000,l1,0.0001,"{'regressor__alpha': 0.01, 'regressor__eta0': 0.1, 'regressor__l1_ratio': 0.15, 'regressor__learning_rate': 'adaptive', 'regressor__loss': 'squared_error', 'regressor__max_iter': 20000, 'regressor__penalty': 'l1', 'regressor__tol': 0.0001}",-3394178.305836727,-4903062.229502268,-10177582.640592884,-8255789.075712173,-6833168.877837649,-6712756.225896341,2395346.4650621694,56
0.21708121299743652,0.0093757397685978,0.0024942398071289063,0.0003173364220814249,1e-05,0.1,0.15,adaptive,squared_error,20000,elasticnet,0.0001,"{'regressor__alpha': 1e-05, 'regressor__eta0': 0.1, 'regressor__l1_ratio': 0.15, 'regressor__learning_rate': 'adaptive', 'regressor__loss': 'squared_error', 'regressor__max_iter': 20000, 'regressor__penalty': 'elasticnet', 'regressor__tol': 0.0001}",-3394081.060821071,-4903024.523615409,-10177391.264143921,-8256041.174335266,-6833312.817215841,-6712770.168026301,2395357.6750288308,58
0.22193293571472167,0.014114464070417016,0.004704713821411133,0.0019254313236737488,1e-05,0.1,0.5,adaptive,squared_error,20000,l1,0.0001,"{'regressor__alpha': 1e-05, 'regressor__eta0': 0.1, 'regressor__l1_ratio': 0.5, 'regressor__learning_rate': 'adaptive', 'regressor__loss': 'squared_error', 'regressor__max_iter': 20000, 'regressor__penalty': 'l1', 'regressor__tol': 0.0001}",-3394275.2645736686,-4903090.188560114,-10178006.235758644,-8255433.790749626,-6833122.880668193,-6712785.672062049,2395391.6959256236,59
0.22047085762023927,0.025744433884091276,0.003348541259765625,0.0008853303574247515,1e-05,0.1,0.15,adaptive,squared_error,20000,l1,0.0001,"{'regressor__alpha': 1e-05, 'regressor__eta0': 0.1, 'regressor__l1_ratio': 0.15, 'regressor__learning_rate': 'adaptive', 'regressor__loss': 'squared_error', 'regressor__max_iter': 20000, 'regressor__penalty': 'l1', 'regressor__tol': 0.0001}",-3394275.2645736686,-4903090.188560114,-10178006.235758644,-8255433.790749626,-6833122.880668193,-6712785.672062049,2395391.6959256236,59
0.17425017356872557,0.007172265748191683,0.0033817291259765625,0.0015068111313941005,1e-05,0.1,0.5,adaptive,squared_error,20000,l2,0.0001,"{'regressor__alpha': 1e-05, 'regressor__eta0': 0.1, 'regressor__l1_ratio': 0.5, 'regressor__learning_rate': 'adaptive', 'regressor__loss': 'squared_error', 'regressor__max_iter': 20000, 'regressor__penalty': 'l2', 'regressor__tol': 0.0001}",-3394079.8192361305,-4903012.936440081,-10177382.039510626,-8256260.794461673,-6833311.63331913,-6712809.444593529,2395385.3902659304,61
0.1679990291595459,0.006858469927791188,0.002557373046875,0.00046716144500021344,1e-05,0.1,0.15,adaptive,squared_error,20000,l2,0.0001,"{'regressor__alpha': 1e-05, 'regressor__eta0': 0.1, 'regressor__l1_ratio': 0.15, 'regressor__learning_rate': 'adaptive', 'regressor__loss': 'squared_error', 'regressor__max_iter': 20000, 'regressor__penalty': 'l2', 'regressor__tol': 0.0001}",-3394079.8192361305,-4903012.936440081,-10177382.039510626,-8256260.794461673,-6833311.63331913,-6712809.444593529,2395385.3902659304,61
0.21385912895202636,0.003805615849010539,0.002591562271118164,0.0003466084793955386,1e-05,0.1,0.5,adaptive,squared_error,20000,elasticnet,0.0001,"{'regressor__alpha': 1e-05, 'regressor__eta0': 0.1, 'regressor__l1_ratio': 0.5, 'regressor__learning_rate': 'adaptive', 'regressor__loss': 'squared_error', 'regressor__max_iter': 20000, 'regressor__penalty': 'elasticnet', 'regressor__tol': 0.0001}",-3394271.099614366,-4903051.56120581,-10177599.846869541,-8255845.485827557,-6833315.580167485,-6712816.7147369515,2395336.0861590547,63
0.4624322414398193,0.030177786293462835,0.003299045562744141,0.0010308136759648852,0.0001,0.1,0.5,adaptive,squared_error,20000,elasticnet,0.0001,"{'regressor__alpha': 0.0001, 'regressor__eta0': 0.1, 'regressor__l1_ratio': 0.5, 'regressor__learning_rate': 'adaptive', 'regressor__loss': 'squared_error', 'regressor__max_iter': 20000, 'regressor__penalty': 'elasticnet', 'regressor__tol': 0.0001}",-3394787.532328273,-4902703.773739969,-10175826.621360432,-8259212.957171863,-6833207.534383166,-6713147.683796739,2395165.9177694567,64
0.178169584274292,0.031931820558354244,0.0027315616607666016,0.0001842715589233993,0.0001,0.1,0.15,adaptive,squared_error,20000,l2,0.0001,"{'regressor__alpha': 0.0001, 'regressor__eta0': 0.1, 'regressor__l1_ratio': 0.15, 'regressor__learning_rate': 'adaptive', 'regressor__loss': 'squared_error', 'regressor__max_iter': 20000, 'regressor__penalty': 'l2', 'regressor__tol': 0.0001}",-3396213.5397271262,-4904521.128247009,-10178891.238652641,-8262475.615190252,-6825514.589065003,-6713523.222176406,2395729.6665863623,65
0.23600807189941406,0.07448125303392406,0.0038875579833984376,0.0016536023473183482,0.0001,0.1,0.5,adaptive,squared_error,20000,l2,0.0001,"{'regressor__alpha': 0.0001, 'regressor__eta0': 0.1, 'regressor__l1_ratio': 0.5, 'regressor__learning_rate': 'adaptive', 'regressor__loss': 'squared_error', 'regressor__max_iter': 20000, 'regressor__penalty': 'l2', 'regressor__tol': 0.0001}",-3396213.5397271262,-4904521.128247009,-10178891.238652641,-8262475.615190252,-6825514.589065003,-6713523.222176406,2395729.6665863623,65
0.2565455913543701,0.025269009770083884,0.003083944320678711,0.0003799182515063448,0.0001,0.1,0.15,adaptive,squared_error,20000,elasticnet,0.0001,"{'regressor__alpha': 0.0001, 'regressor__eta0': 0.1, 'regressor__l1_ratio': 0.15, 'regressor__learning_rate': 'adaptive', 'regressor__loss': 'squared_error', 'regressor__max_iter': 20000, 'regressor__penalty': 'elasticnet', 'regressor__tol': 0.0001}",-3395794.4311919915,-4904234.284401658,-10178032.206915077,-8261346.4011262525,-6828234.39782322,-6713528.3442916395,2395520.3419381543,67
0.006303834915161133,0.0007583913752966279,0.0028441429138183595,0.0009258092675983354,0.01,0.1,0.5,adaptive,squared_error,20000,elasticnet,0.0001,"{'regressor__alpha': 0.01, 'regressor__eta0': 0.1, 'regressor__l1_ratio': 0.5, 'regressor__learning_rate': 'adaptive', 'regressor__loss': 'squared_error', 'regressor__max_iter': 20000, 'regressor__penalty': 'elasticnet', 'regressor__tol': 0.0001}",-3403943.5249726814,-4883454.854500848,-10177628.261645095,-8294242.214915871,-6816507.917207756,-6715155.35464845,2400489.816229933,68
0.10646519660949708,0.08640843284167973,0.0024719715118408205,0.0002241916418686093,0.001,0.1,0.5,adaptive,squared_error,20000,elasticnet,0.0001,"{'regressor__alpha': 0.001, 'regressor__eta0': 0.1, 'regressor__l1_ratio': 0.5, 'regressor__learning_rate': 'adaptive', 'regressor__loss': 'squared_error', 'regressor__max_iter': 20000, 'regressor__penalty': 'elasticnet', 'regressor__tol': 0.0001}",-3404361.474343576,-4915234.931314708,-10197633.13857066,-8287798.186349263,-6818053.662612807,-6724616.278638202,2400502.7455171994,69
0.05404520034790039,0.06286658919022274,0.002816295623779297,0.001714394755092507,0.001,0.1,0.15,adaptive,squared_error,20000,elasticnet,0.0001,"{'regressor__alpha': 0.001, 'regressor__eta0': 0.1, 'regressor__l1_ratio': 0.15, 'regressor__learning_rate': 'adaptive', 'regressor__loss': 'squared_error', 'regressor__max_iter': 20000, 'regressor__penalty': 'elasticnet', 'regressor__tol': 0.0001}",-3407465.555419166,-4915315.838323822,-10211362.00639396,-8314292.152170858,-6817963.038761522,-6733279.7182138655,2407067.1157443174,70
0.02689666748046875,0.028227934789604246,0.002271604537963867,0.0007318603733812157,0.001,0.1,0.5,adaptive,squared_error,20000,l2,0.0001,"{'regressor__alpha': 0.001, 'regressor__eta0': 0.1, 'regressor__l1_ratio': 0.5, 'regressor__learning_rate': 'adaptive', 'regressor__loss': 'squared_error', 'regressor__max_iter': 20000, 'regressor__penalty': 'l2', 'regressor__tol': 0.0001}",-3408149.2626840225,-4914673.559753611,-10212870.562340464,-8322083.557182392,-6817925.404316826,-6735140.469255464,2408435.9475533534,71
0.02981257438659668,0.031192712949136718,0.001913595199584961,0.000280404430436554,0.001,0.1,0.15,adaptive,squared_error,20000,l2,0.0001,"{'regressor__alpha': 0.001, 'regressor__eta0': 0.1, 'regressor__l1_ratio': 0.15, 'regressor__learning_rate': 'adaptive', 'regressor__loss': 'squared_error', 'regressor__max_iter': 20000, 'regressor__penalty': 'l2', 'regressor__tol': 0.0001}",-3408149.2626840225,-4914673.559753611,-10212870.562340464,-8322083.557182392,-6817925.404316826,-6735140.469255464,2408435.9475533534,71
0.263554048538208,0.03069491602909914,0.0024277210235595704,0.0001461988948005037,1e-05,0.1,0.15,adaptive,huber,20000,l1,0.0001,"{'regressor__alpha': 1e-05, 'regressor__eta0': 0.1, 'regressor__l1_ratio': 0.15, 'regressor__learning_rate': 'adaptive', 'regressor__loss': 'huber', 'regressor__max_iter': 20000, 'regressor__penalty': 'l1', 'regressor__tol': 0.0001}",-3942577.79132381,-7193876.753246332,-13875117.245948289,-6586665.372290919,-7824592.034020733,-7884565.839366016,3273871.403071863,73
0.2574146270751953,0.008954285438866208,0.0045433521270751955,0.0010612887984977413,1e-05,0.1,0.5,adaptive,huber,20000,l1,0.0001,"{'regressor__alpha': 1e-05, 'regressor__eta0': 0.1, 'regressor__l1_ratio': 0.5, 'regressor__learning_rate': 'adaptive', 'regressor__loss': 'huber', 'regressor__max_iter': 20000, 'regressor__penalty': 'l1', 'regressor__tol': 0.0001}",-3942577.79132381,-7193876.753246332,-13875117.245948289,-6586665.372290919,-7824592.034020733,-7884565.839366016,3273871.403071863,73
0.35857200622558594,0.010958677442625606,0.003928756713867188,0.0007935246939648623,0.0001,0.1,0.15,adaptive,huber,20000,l1,0.0001,"{'regressor__alpha': 0.0001, 'regressor__eta0': 0.1, 'regressor__l1_ratio': 0.15, 'regressor__learning_rate': 'adaptive', 'regressor__loss': 'huber', 'regressor__max_iter': 20000, 'regressor__penalty': 'l1', 'regressor__tol': 0.0001}",-3962573.7378234854,-7195435.524450749,-13904739.323612433,-6586379.224901288,-7828843.601007812,-7895594.282359153,3279853.5557847586,75
0.28402485847473147,0.0196577216658292,0.0041996479034423825,0.0011590892828602737,0.0001,0.1,0.5,adaptive,huber,20000,l1,0.0001,"{'regressor__alpha': 0.0001, 'regressor__eta0': 0.1, 'regressor__l1_ratio': 0.5, 'regressor__learning_rate': 'adaptive', 'regressor__loss': 'huber', 'regressor__max_iter': 20000, 'regressor__penalty': 'l1', 'regressor__tol': 0.0001}",-3962573.7378234854,-7195435.524450749,-13904739.323612433,-6586379.224901288,-7828843.601007812,-7895594.282359153,3279853.5557847586,75
0.23840417861938476,0.010915509463525085,0.003459310531616211,0.001982955524780201,0.001,0.1,0.15,adaptive,huber,20000,l1,0.0001,"{'regressor__alpha': 0.001, 'regressor__eta0': 0.1, 'regressor__l1_ratio': 0.15, 'regressor__learning_rate': 'adaptive', 'regressor__loss': 'huber', 'regressor__max_iter': 20000, 'regressor__penalty': 'l1', 'regressor__tol': 0.0001}",-4200734.485597826,-7251887.517206936,-14166705.54880961,-6579963.5179978395,-7857755.632801006,-8011409.340482643,3318386.1820626403,77
0.2337251663208008,0.01562587838391956,0.0024536609649658202,0.00016259906576844452,0.001,0.1,0.5,adaptive,huber,20000,l1,0.0001,"{'regressor__alpha': 0.001, 'regressor__eta0': 0.1, 'regressor__l1_ratio': 0.5, 'regressor__learning_rate': 'adaptive', 'regressor__loss': 'huber', 'regressor__max_iter': 20000, 'regressor__penalty': 'l1', 'regressor__tol': 0.0001}",-4200734.485597826,-7251887.517206936,-14166705.54880961,-6579963.5179978395,-7857755.632801006,-8011409.340482643,3318386.1820626403,77
0.25369625091552733,0.010299360276184994,0.002794981002807617,0.0004579377091893622,1e-05,0.1,0.5,adaptive,huber,20000,elasticnet,0.0001,"{'regressor__alpha': 1e-05, 'regressor__eta0': 0.1, 'regressor__l1_ratio': 0.5, 'regressor__learning_rate': 'adaptive', 'regressor__loss': 'huber', 'regressor__max_iter': 20000, 'regressor__penalty': 'elasticnet', 'regressor__tol': 0.0001}",-5002847.591778239,-7692804.427713229,-14960646.541610029,-6581350.042361923,-7977479.1656162515,-8443025.553815935,3422268.5060815443,79
0.26756978034973145,0.03604671564342755,0.0022171497344970702,0.00030734774194548224,0.01,0.1,0.5,adaptive,huber,20000,l1,0.0001,"{'regressor__alpha': 0.01, 'regressor__eta0': 0.1, 'regressor__l1_ratio': 0.5, 'regressor__learning_rate': 'adaptive', 'regressor__loss': 'huber', 'regressor__max_iter': 20000, 'regressor__penalty': 'l1', 'regressor__tol': 0.0001}",-5590064.321415092,-7687187.10527183,-15313053.03374553,-6705957.978105448,-8682958.692696743,-8795844.226246927,3416446.215719063,80
0.24495220184326172,0.01856318228272169,0.002742624282836914,0.0008448542933702615,0.01,0.1,0.15,adaptive,huber,20000,l1,0.0001,"{'regressor__alpha': 0.01, 'regressor__eta0': 0.1, 'regressor__l1_ratio': 0.15, 'regressor__learning_rate': 'adaptive', 'regressor__loss': 'huber', 'regressor__max_iter': 20000, 'regressor__penalty': 'l1', 'regressor__tol': 0.0001}",-5590064.321415092,-7687187.10527183,-15313053.03374553,-6705957.978105448,-8682958.692696743,-8795844.226246927,3416446.215719063,80
0.2326124668121338,0.014312216021019985,0.0024461269378662108,0.00026370385640233274,1e-05,0.1,0.15,adaptive,huber,20000,elasticnet,0.0001,"{'regressor__alpha': 1e-05, 'regressor__eta0': 0.1, 'regressor__l1_ratio': 0.15, 'regressor__learning_rate': 'adaptive', 'regressor__loss': 'huber', 'regressor__max_iter': 20000, 'regressor__penalty': 'elasticnet', 'regressor__tol': 0.0001}",-5934971.632845054,-7931165.248270333,-15732610.857736314,-6635797.756273683,-8512542.731995627,-8949417.645424202,3512239.4435481504,82
0.2261929988861084,0.03738535161953562,0.002927064895629883,0.0004997420171692726,1e-05,0.1,0.15,adaptive,huber,20000,l2,0.0001,"{'regressor__alpha': 1e-05, 'regressor__eta0': 0.1, 'regressor__l1_ratio': 0.15, 'regressor__learning_rate': 'adaptive', 'regressor__loss': 'huber', 'regressor__max_iter': 20000, 'regressor__penalty': 'l2', 'regressor__tol': 0.0001}",-5993932.573997582,-7958827.602777834,-15855898.264674628,-6645697.732975416,-8831094.463158153,-9057090.127516722,3540587.357418887,83
0.179412841796875,0.0072530096547451205,0.0027038097381591798,0.0007478966328051816,1e-05,0.1,0.5,adaptive,huber,20000,l2,0.0001,"{'regressor__alpha': 1e-05, 'regressor__eta0': 0.1, 'regressor__l1_ratio': 0.5, 'regressor__learning_rate': 'adaptive', 'regressor__loss': 'huber', 'regressor__max_iter': 20000, 'regressor__penalty': 'l2', 'regressor__tol': 0.0001}",-5993932.573997582,-7958827.602777834,-15855898.264674628,-6645697.732975416,-8831094.463158153,-9057090.127516722,3540587.357418887,83
0.23583698272705078,0.024870720744890506,0.0041046619415283205,0.0015254074977815123,0.0001,0.1,0.5,adaptive,huber,20000,elasticnet,0.0001,"{'regressor__alpha': 0.0001, 'regressor__eta0': 0.1, 'regressor__l1_ratio': 0.5, 'regressor__learning_rate': 'adaptive', 'regressor__loss': 'huber', 'regressor__max_iter': 20000, 'regressor__penalty': 'elasticnet', 'regressor__tol': 0.0001}",-14018284.631970067,-14810870.95522681,-25429210.328437597,-8579310.461710047,-15282721.296652101,-15624079.534799326,5461241.105904452,85
0.28302001953125,0.05921445630114172,0.0035243511199951174,0.0004154646723480222,0.0001,0.1,0.15,adaptive,huber,20000,elasticnet,0.0001,"{'regressor__alpha': 0.0001, 'regressor__eta0': 0.1, 'regressor__l1_ratio': 0.15, 'regressor__learning_rate': 'adaptive', 'regressor__loss': 'huber', 'regressor__max_iter': 20000, 'regressor__penalty': 'elasticnet', 'regressor__tol': 0.0001}",-16516719.594169555,-19758786.989093833,-31947050.36971945,-11442435.236374648,-20457654.6649763,-20024529.370866757,6758132.769703886,86
0.1956615924835205,0.03283793521253547,0.008377265930175782,0.0032937290368214235,0.0001,0.1,0.15,adaptive,huber,20000,l2,0.0001,"{'regressor__alpha': 0.0001, 'regressor__eta0': 0.1, 'regressor__l1_ratio': 0.15, 'regressor__learning_rate': 'adaptive', 'regressor__loss': 'huber', 'regressor__max_iter': 20000, 'regressor__penalty': 'l2', 'regressor__tol': 0.0001}",-16578554.457713356,-19885606.0481441,-32402073.415677175,-12120105.734900365,-21523085.1719782,-20501884.96568264,6762897.013251932,87
0.24647245407104493,0.06673298794195155,0.0035532474517822265,0.0008871990519703377,0.0001,0.1,0.5,adaptive,huber,20000,l2,0.0001,"{'regressor__alpha': 0.0001, 'regressor__eta0': 0.1, 'regressor__l1_ratio': 0.5, 'regressor__learning_rate': 'adaptive', 'regressor__loss': 'huber', 'regressor__max_iter': 20000, 'regressor__penalty': 'l2', 'regressor__tol': 0.0001}",-16578554.457713356,-19885606.0481441,-32402073.415677175,-12120105.734900365,-21523085.1719782,-20501884.96568264,6762897.013251932,87
0.1469351291656494,0.0076528805453918184,0.002894163131713867,0.0008543691908495738,0.001,0.1,0.5,adaptive,huber,20000,elasticnet,0.0001,"{'regressor__alpha': 0.001, 'regressor__eta0': 0.1, 'regressor__l1_ratio': 0.5, 'regressor__learning_rate': 'adaptive', 'regressor__loss': 'huber', 'regressor__max_iter': 20000, 'regressor__penalty': 'elasticnet', 'regressor__tol': 0.0001}",-36691233.51454217,-38800740.41996188,-56691130.096543096,-25838207.704607926,-42872938.45125984,-40178850.03738298,9996301.143708337,89
0.14801836013793945,0.006531864522202615,0.0024134635925292967,0.00022449159174062094,0.001,0.1,0.15,adaptive,huber,20000,elasticnet,0.0001,"{'regressor__alpha': 0.001, 'regressor__eta0': 0.1, 'regressor__l1_ratio': 0.15, 'regressor__learning_rate': 'adaptive', 'regressor__loss': 'huber', 'regressor__max_iter': 20000, 'regressor__penalty': 'elasticnet', 'regressor__tol': 0.0001}",-40305308.80050953,-42484951.5456195,-59938410.519092694,-28659438.865116205,-46914874.57990727,-43660596.86204904,10131459.73740487,90
0.10372762680053711,0.003051333280181521,0.0024993896484375,0.00038456585416175973,0.001,0.1,0.5,adaptive,huber,20000,l2,0.0001,"{'regressor__alpha': 0.001, 'regressor__eta0': 0.1, 'regressor__l1_ratio': 0.5, 'regressor__learning_rate': 'adaptive', 'regressor__loss': 'huber', 'regressor__max_iter': 20000, 'regressor__penalty': 'l2', 'regressor__tol': 0.0001}",-41000406.59229611,-43317618.30440915,-60819680.88021662,-29193004.691575512,-47590150.85993682,-44384172.26568685,10234873.930972846,91
0.11252703666687011,0.006687988305558356,0.002232217788696289,9.506518629618091e-05,0.001,0.1,0.15,adaptive,huber,20000,l2,0.0001,"{'regressor__alpha': 0.001, 'regressor__eta0': 0.1, 'regressor__l1_ratio': 0.15, 'regressor__learning_rate': 'adaptive', 'regressor__loss': 'huber', 'regressor__max_iter': 20000, 'regressor__penalty': 'l2', 'regressor__tol': 0.0001}",-41000406.59229611,-43317618.30440915,-60819680.88021662,-29193004.691575512,-47590150.85993682,-44384172.26568685,10234873.930972846,91
0.17374806404113768,0.021380954627534667,0.0019979000091552733,0.00035341394527028675,0.01,0.1,0.5,adaptive,huber,20000,elasticnet,0.0001,"{'regressor__alpha': 0.01, 'regressor__eta0': 0.1, 'regressor__l1_ratio': 0.5, 'regressor__learning_rate': 'adaptive', 'regressor__loss': 'huber', 'regressor__max_iter': 20000, 'regressor__penalty': 'elasticnet', 'regressor__tol': 0.0001}",-45287548.18717097,-47259419.17001883,-64570229.93770849,-32207154.180517368,-51967854.38341058,-48258441.17176525,10462334.952397283,93
0.16613569259643554,0.021893842396486306,0.011504650115966797,0.017622825797580278,0.01,0.1,0.15,adaptive,huber,20000,elasticnet,0.0001,"{'regressor__alpha': 0.01, 'regressor__eta0': 0.1, 'regressor__l1_ratio': 0.15, 'regressor__learning_rate': 'adaptive', 'regressor__loss': 'huber', 'regressor__max_iter': 20000, 'regressor__penalty': 'elasticnet', 'regressor__tol': 0.0001}",-45589773.75975098,-47549930.23193384,-64888759.450934745,-32535052.37871467,-52114355.333129905,-48535574.23089283,10448926.022029448,94
0.09823698997497558,0.003956560483426314,0.002416181564331055,0.00010015980115068822,0.01,0.1,0.15,adaptive,huber,20000,l2,0.0001,"{'regressor__alpha': 0.01, 'regressor__eta0': 0.1, 'regressor__l1_ratio': 0.15, 'regressor__learning_rate': 'adaptive', 'regressor__loss': 'huber', 'regressor__max_iter': 20000, 'regressor__penalty': 'l2', 'regressor__tol': 0.0001}",-45654993.91968766,-47612095.778140105,-64958186.718042605,-32585089.745975457,-52186252.32569285,-48599323.69750774,10455408.573251102,95
0.1154555320739746,0.005962335576293807,0.0025582313537597656,0.00021199999871562928,0.01,0.1,0.5,adaptive,huber,20000,l2,0.0001,"{'regressor__alpha': 0.01, 'regressor__eta0': 0.1, 'regressor__l1_ratio': 0.5, 'regressor__learning_rate': 'adaptive', 'regressor__loss': 'huber', 'regressor__max_iter': 20000, 'regressor__penalty': 'l2', 'regressor__tol': 0.0001}",-45654993.91968766,-47612095.778140105,-64958186.718042605,-32585089.745975457,-52186252.32569285,-48599323.69750774,10455408.573251102,95
0.2999539852142334,0.013583507354697578,0.0025650501251220704,0.0001830998558932563,0.01,0.01,0.5,adaptive,huber,20000,l1,0.0001,"{'regressor__alpha': 0.01, 'regressor__eta0': 0.01, 'regressor__l1_ratio': 0.5, 'regressor__learning_rate': 'adaptive', 'regressor__loss': 'huber', 'regressor__max_iter': 20000, 'regressor__penalty': 'l1', 'regressor__tol': 0.0001}",-128952000.84694949,-128547632.42385203,-156580250.48085028,-103586360.48072667,-134614710.40080005,-130456190.9266357,16897649.205468956,97
0.36717934608459474,0.01091429893940852,0.0027740001678466797,0.00024387216336351354,0.0001,0.01,0.15,adaptive,huber,20000,l1,0.0001,"{'regressor__alpha': 0.0001, 'regressor__eta0': 0.01, 'regressor__l1_ratio': 0.15, 'regressor__learning_rate': 'adaptive', 'regressor__loss': 'huber', 'regressor__max_iter': 20000, 'regressor__penalty': 'l1', 'regressor__tol': 0.0001}",-128952000.84694949,-128547632.42385203,-156580250.48085028,-103586360.48072667,-134614710.40080005,-130456190.9266357,16897649.205468956,97
0.2811752796173096,0.018779397175451625,0.0027758121490478516,0.0007598589696395363,1e-05,0.01,0.15,adaptive,huber,20000,l1,0.0001,"{'regressor__alpha': 1e-05, 'regressor__eta0': 0.01, 'regressor__l1_ratio': 0.15, 'regressor__learning_rate': 'adaptive', 'regressor__loss': 'huber', 'regressor__max_iter': 20000, 'regressor__penalty': 'l1', 'regressor__tol': 0.0001}",-128952000.84694949,-128547632.42385203,-156580250.48085028,-103586360.48072667,-134614710.40080005,-130456190.9266357,16897649.205468956,97
0.29271435737609863,0.007902360861579943,0.0026167869567871095,0.0003094636273274508,1e-05,0.01,0.15,adaptive,huber,20000,elasticnet,0.0001,"{'regressor__alpha': 1e-05, 'regressor__eta0': 0.01, 'regressor__l1_ratio': 0.15, 'regressor__learning_rate': 'adaptive', 'regressor__loss': 'huber', 'regressor__max_iter': 20000, 'regressor__penalty': 'elasticnet', 'regressor__tol': 0.0001}",-128952000.84694949,-128547632.42385203,-156580250.48085028,-103586360.48072667,-134614710.40080005,-130456190.9266357,16897649.205468956,97
0.3299540996551514,0.05086626418487307,0.0025554656982421874,0.0004225391145279032,0.01,0.01,0.15,adaptive,huber,20000,elasticnet,0.0001,"{'regressor__alpha': 0.01, 'regressor__eta0': 0.01, 'regressor__l1_ratio': 0.15, 'regressor__learning_rate': 'adaptive', 'regressor__loss': 'huber', 'regressor__max_iter': 20000, 'regressor__penalty': 'elasticnet', 'regressor__tol': 0.0001}",-128952000.84694949,-128547632.42385203,-156580250.48085028,-103586360.48072667,-134614710.40080005,-130456190.9266357,16897649.205468956,97
0.312683629989624,0.02592942788103658,0.0036651611328125,0.0026870277877318383,0.01,0.01,0.15,adaptive,huber,20000,l1,0.0001,"{'regressor__alpha': 0.01, 'regressor__eta0': 0.01, 'regressor__l1_ratio': 0.15, 'regressor__learning_rate': 'adaptive', 'regressor__loss': 'huber', 'regressor__max_iter': 20000, 'regressor__penalty': 'l1', 'regressor__tol': 0.0001}",-128952000.84694949,-128547632.42385203,-156580250.48085028,-103586360.48072667,-134614710.40080005,-130456190.9266357,16897649.205468956,97
0.31539273262023926,0.014710493940819379,0.0024653911590576173,0.0003159318624299769,1e-05,0.01,0.5,adaptive,huber,20000,elasticnet,0.0001,"{'regressor__alpha': 1e-05, 'regressor__eta0': 0.01, 'regressor__l1_ratio': 0.5, 'regressor__learning_rate': 'adaptive', 'regressor__loss': 'huber', 'regressor__max_iter': 20000, 'regressor__penalty': 'elasticnet', 'regressor__tol': 0.0001}",-128952000.84694949,-128547632.42385203,-156580250.48085028,-103586360.48072667,-134614710.40080005,-130456190.9266357,16897649.205468956,97
0.2821471691131592,0.013580687206902019,0.002390336990356445,0.00026135028351389957,0.01,0.01,0.5,adaptive,huber,20000,elasticnet,0.0001,"{'regressor__alpha': 0.01, 'regressor__eta0': 0.01, 'regressor__l1_ratio': 0.5, 'regressor__learning_rate': 'adaptive', 'regressor__loss': 'huber', 'regressor__max_iter': 20000, 'regressor__penalty': 'elasticnet', 'regressor__tol': 0.0001}",-128952000.84694949,-128547632.42385203,-156580250.48085028,-103586360.48072667,-134614710.40080005,-130456190.9266357,16897649.205468956,97
0.370117712020874,0.022516264682900293,0.004117774963378906,0.003013173545424597,0.0001,0.01,0.15,adaptive,huber,20000,elasticnet,0.0001,"{'regressor__alpha': 0.0001, 'regressor__eta0': 0.01, 'regressor__l1_ratio': 0.15, 'regressor__learning_rate': 'adaptive', 'regressor__loss': 'huber', 'regressor__max_iter': 20000, 'regressor__penalty': 'elasticnet', 'regressor__tol': 0.0001}",-128952000.84694949,-128547632.42385203,-156580250.48085028,-103586360.48072667,-134614710.40080005,-130456190.9266357,16897649.205468956,97
0.38122005462646485,0.03478683821294943,0.003122377395629883,0.0006474815732397659,0.0001,0.01,0.5,adaptive,huber,20000,l1,0.0001,"{'regressor__alpha': 0.0001, 'regressor__eta0': 0.01, 'regressor__l1_ratio': 0.5, 'regressor__learning_rate': 'adaptive', 'regressor__loss': 'huber', 'regressor__max_iter': 20000, 'regressor__penalty': 'l1', 'regressor__tol': 0.0001}",-128952000.84694949,-128547632.42385203,-156580250.48085028,-103586360.48072667,-134614710.40080005,-130456190.9266357,16897649.205468956,97
0.33296980857849123,0.028393814907684677,0.004550027847290039,0.001950901612783423,0.0001,0.01,0.5,adaptive,huber,20000,elasticnet,0.0001,"{'regressor__alpha': 0.0001, 'regressor__eta0': 0.01, 'regressor__l1_ratio': 0.5, 'regressor__learning_rate': 'adaptive', 'regressor__loss': 'huber', 'regressor__max_iter': 20000, 'regressor__penalty': 'elasticnet', 'regressor__tol': 0.0001}",-128952000.84694949,-128547632.42385203,-156580250.48085028,-103586360.48072667,-134614710.40080005,-130456190.9266357,16897649.205468956,97
0.29073519706726075,0.006633626411522125,0.002297830581665039,0.0001091732601760888,0.001,0.01,0.15,adaptive,huber,20000,l1,0.0001,"{'regressor__alpha': 0.001, 'regressor__eta0': 0.01, 'regressor__l1_ratio': 0.15, 'regressor__learning_rate': 'adaptive', 'regressor__loss': 'huber', 'regressor__max_iter': 20000, 'regressor__penalty': 'l1', 'regressor__tol': 0.0001}",-128952000.84694949,-128547632.42385203,-156580250.48085028,-103586360.48072667,-134614710.40080005,-130456190.9266357,16897649.205468956,97
0.3151276111602783,0.00897094893166956,0.002856588363647461,0.0003249081270926902,0.001,0.01,0.5,adaptive,huber,20000,elasticnet,0.0001,"{'regressor__alpha': 0.001, 'regressor__eta0': 0.01, 'regressor__l1_ratio': 0.5, 'regressor__learning_rate': 'adaptive', 'regressor__loss': 'huber', 'regressor__max_iter': 20000, 'regressor__penalty': 'elasticnet', 'regressor__tol': 0.0001}",-128952000.84694949,-128547632.42385203,-156580250.48085028,-103586360.48072667,-134614710.40080005,-130456190.9266357,16897649.205468956,97
0.2944957256317139,0.009300966340659108,0.002715778350830078,0.0009030512057723493,0.001,0.01,0.15,adaptive,huber,20000,elasticnet,0.0001,"{'regressor__alpha': 0.001, 'regressor__eta0': 0.01, 'regressor__l1_ratio': 0.15, 'regressor__learning_rate': 'adaptive', 'regressor__loss': 'huber', 'regressor__max_iter': 20000, 'regressor__penalty': 'elasticnet', 'regressor__tol': 0.0001}",-128952000.84694949,-128547632.42385203,-156580250.48085028,-103586360.48072667,-134614710.40080005,-130456190.9266357,16897649.205468956,97
0.3183638095855713,0.016001306104839963,0.0025957584381103515,0.0009057653247435012,0.001,0.01,0.5,adaptive,huber,20000,l1,0.0001,"{'regressor__alpha': 0.001, 'regressor__eta0': 0.01, 'regressor__l1_ratio': 0.5, 'regressor__learning_rate': 'adaptive', 'regressor__loss': 'huber', 'regressor__max_iter': 20000, 'regressor__penalty': 'l1', 'regressor__tol': 0.0001}",-128952000.84694949,-128547632.42385203,-156580250.48085028,-103586360.48072667,-134614710.40080005,-130456190.9266357,16897649.205468956,97
0.2964034080505371,0.013463756710939814,0.002703237533569336,0.0004865840943863448,1e-05,0.01,0.5,adaptive,huber,20000,l1,0.0001,"{'regressor__alpha': 1e-05, 'regressor__eta0': 0.01, 'regressor__l1_ratio': 0.5, 'regressor__learning_rate': 'adaptive', 'regressor__loss': 'huber', 'regressor__max_iter': 20000, 'regressor__penalty': 'l1', 'regressor__tol': 0.0001}",-128952000.84694949,-128547632.42385203,-156580250.48085028,-103586360.48072667,-134614710.40080005,-130456190.9266357,16897649.205468956,97
0.17445435523986816,0.005996362543570853,0.002113056182861328,0.0001651025782264823,1e-05,0.01,0.5,adaptive,huber,20000,l2,0.0001,"{'regressor__alpha': 1e-05, 'regressor__eta0': 0.01, 'regressor__l1_ratio': 0.5, 'regressor__learning_rate': 'adaptive', 'regressor__loss': 'huber', 'regressor__max_iter': 20000, 'regressor__penalty': 'l2', 'regressor__tol': 0.0001}",-128951996.20681521,-128547636.52913576,-156580251.8988796,-103586362.3538397,-134614713.45183367,-130456192.08810079,16897649.188268084,113
0.19768567085266114,0.01016045608550458,0.0024710178375244142,0.00032299529957576065,1e-05,0.01,0.15,adaptive,huber,20000,l2,0.0001,"{'regressor__alpha': 1e-05, 'regressor__eta0': 0.01, 'regressor__l1_ratio': 0.15, 'regressor__learning_rate': 'adaptive', 'regressor__loss': 'huber', 'regressor__max_iter': 20000, 'regressor__penalty': 'l2', 'regressor__tol': 0.0001}",-128951996.20681521,-128547636.52913576,-156580251.8988796,-103586362.3538397,-134614713.45183367,-130456192.08810079,16897649.188268084,113
0.18730010986328124,0.012435590884468143,0.003303813934326172,0.0008457897181574556,0.01,0.01,0.15,adaptive,huber,20000,l2,0.0001,"{'regressor__alpha': 0.01, 'regressor__eta0': 0.01, 'regressor__l1_ratio': 0.15, 'regressor__learning_rate': 'adaptive', 'regressor__loss': 'huber', 'regressor__max_iter': 20000, 'regressor__penalty': 'l2', 'regressor__tol': 0.0001}",-128951977.02217355,-128547655.56914538,-156580253.13341185,-103586367.52100351,-134614725.8212913,-130456195.81340513,16897648.44695549,115
0.1821117401123047,0.01796003137591854,0.004004812240600586,0.003046130377148731,0.01,0.01,0.5,adaptive,huber,20000,l2,0.0001,"{'regressor__alpha': 0.01, 'regressor__eta0': 0.01, 'regressor__l1_ratio': 0.5, 'regressor__learning_rate': 'adaptive', 'regressor__loss': 'huber', 'regressor__max_iter': 20000, 'regressor__penalty': 'l2', 'regressor__tol': 0.0001}",-128951977.02217355,-128547655.56914538,-156580253.13341185,-103586367.52100351,-134614725.8212913,-130456195.81340513,16897648.44695549,115
0.27679643630981443,0.01555050488681167,0.0032918453216552734,0.00114124184636232,0.0001,0.01,0.5,adaptive,huber,20000,l2,0.0001,"{'regressor__alpha': 0.0001, 'regressor__eta0': 0.01, 'regressor__l1_ratio': 0.5, 'regressor__learning_rate': 'adaptive', 'regressor__loss': 'huber', 'regressor__max_iter': 20000, 'regressor__penalty': 'l2', 'regressor__tol': 0.0001}",-128951978.84420061,-128547651.8945926,-156580257.1357493,-103586369.29054628,-134614724.78541175,-130456196.39010009,16897649.12130456,117
0.19608473777770996,0.007621575249706471,0.003164815902709961,0.0008474289203583013,0.0001,0.01,0.15,adaptive,huber,20000,l2,0.0001,"{'regressor__alpha': 0.0001, 'regressor__eta0': 0.01, 'regressor__l1_ratio': 0.15, 'regressor__learning_rate': 'adaptive', 'regressor__loss': 'huber', 'regressor__max_iter': 20000, 'regressor__penalty': 'l2', 'regressor__tol': 0.0001}",-128951978.84420061,-128547651.8945926,-156580257.1357493,-103586369.29054628,-134614724.78541175,-130456196.39010009,16897649.12130456,117
0.1836763858795166,0.003921105751661507,0.002818918228149414,0.0002516477370966735,0.001,0.01,0.15,adaptive,huber,20000,l2,0.0001,"{'regressor__alpha': 0.001, 'regressor__eta0': 0.01, 'regressor__l1_ratio': 0.15, 'regressor__learning_rate': 'adaptive', 'regressor__loss': 'huber', 'regressor__max_iter': 20000, 'regressor__penalty': 'l2', 'regressor__tol': 0.0001}",-128951975.61226663,-128547654.93563169,-156580257.73111758,-103586370.34521717,-134614726.87036932,-130456197.0989205,16897649.06144478,119
0.17951345443725586,0.008172167679170216,0.0023257255554199217,0.00019586653796963122,0.001,0.01,0.5,adaptive,huber,20000,l2,0.0001,"{'regressor__alpha': 0.001, 'regressor__eta0': 0.01, 'regressor__l1_ratio': 0.5, 'regressor__learning_rate': 'adaptive', 'regressor__loss': 'huber', 'regressor__max_iter': 20000, 'regressor__penalty': 'l2', 'regressor__tol': 0.0001}",-128951975.61226663,-128547654.93563169,-156580257.73111758,-103586370.34521717,-134614726.87036932,-130456197.0989205,16897649.06144478,119
0.31599740982055663,0.013091459592055136,0.0030988216400146484,0.0007121487624437555,1e-05,0.001,0.15,adaptive,huber,20000,l1,0.0001,"{'regressor__alpha': 1e-05, 'regressor__eta0': 0.001, 'regressor__l1_ratio': 0.15, 'regressor__learning_rate': 'adaptive', 'regressor__loss': 'huber', 'regressor__max_iter': 20000, 'regressor__penalty': 'l1', 'regressor__tol': 0.0001}",-167662814.6921787,-166345670.4229507,-197724863.59986305,-139240305.43987992,-173528803.83986992,-168900491.59894848,18655033.067802645,121
0.3115078926086426,0.008905797623364981,0.0031547069549560545,0.001715874150998864,1e-05,0.001,0.5,adaptive,huber,20000,elasticnet,0.0001,"{'regressor__alpha': 1e-05, 'regressor__eta0': 0.001, 'regressor__l1_ratio': 0.5, 'regressor__learning_rate': 'adaptive', 'regressor__loss': 'huber', 'regressor__max_iter': 20000, 'regressor__penalty': 'elasticnet', 'regressor__tol': 0.0001}",-167662814.6921787,-166345670.4229507,-197724863.59986305,-139240305.43987992,-173528803.83986992,-168900491.59894848,18655033.067802645,121
0.32884654998779295,0.03190656814857003,0.0026866436004638673,0.00035812177249149507,1e-05,0.001,0.5,adaptive,huber,20000,l1,0.0001,"{'regressor__alpha': 1e-05, 'regressor__eta0': 0.001, 'regressor__l1_ratio': 0.5, 'regressor__learning_rate': 'adaptive', 'regressor__loss': 'huber', 'regressor__max_iter': 20000, 'regressor__penalty': 'l1', 'regressor__tol': 0.0001}",-167662814.6921787,-166345670.4229507,-197724863.59986305,-139240305.43987992,-173528803.83986992,-168900491.59894848,18655033.067802645,121
0.32160115242004395,0.040086248117608,0.003488636016845703,0.0005669798257797447,1e-05,0.001,0.15,adaptive,huber,20000,elasticnet,0.0001,"{'regressor__alpha': 1e-05, 'regressor__eta0': 0.001, 'regressor__l1_ratio': 0.15, 'regressor__learning_rate': 'adaptive', 'regressor__loss': 'huber', 'regressor__max_iter': 20000, 'regressor__penalty': 'elasticnet', 'regressor__tol': 0.0001}",-167662814.6921787,-166345670.4229507,-197724863.59986305,-139240305.43987992,-173528803.83986992,-168900491.59894848,18655033.067802645,121
0.2902651786804199,0.01195964331874176,0.0021999835968017577,0.00020587311635476222,0.001,0.001,0.5,adaptive,huber,20000,l1,0.0001,"{'regressor__alpha': 0.001, 'regressor__eta0': 0.001, 'regressor__l1_ratio': 0.5, 'regressor__learning_rate': 'adaptive', 'regressor__loss': 'huber', 'regressor__max_iter': 20000, 'regressor__penalty': 'l1', 'regressor__tol': 0.0001}",-167662814.6921787,-166345670.4229507,-197724863.59986305,-139240305.43987992,-173528803.83986992,-168900491.59894848,18655033.067802645,121
0.2990534782409668,0.019845388594361708,0.00284724235534668,0.0007761852587358156,0.01,0.001,0.5,adaptive,huber,20000,elasticnet,0.0001,"{'regressor__alpha': 0.01, 'regressor__eta0': 0.001, 'regressor__l1_ratio': 0.5, 'regressor__learning_rate': 'adaptive', 'regressor__loss': 'huber', 'regressor__max_iter': 20000, 'regressor__penalty': 'elasticnet', 'regressor__tol': 0.0001}",-167662814.6921787,-166345670.4229507,-197724863.59986305,-139240305.43987992,-173528803.83986992,-168900491.59894848,18655033.067802645,121
0.34122285842895506,0.019484697148754018,0.0025846004486083985,0.0003460082878278325,0.001,0.001,0.15,adaptive,huber,20000,elasticnet,0.0001,"{'regressor__alpha': 0.001, 'regressor__eta0': 0.001, 'regressor__l1_ratio': 0.15, 'regressor__learning_rate': 'adaptive', 'regressor__loss': 'huber', 'regressor__max_iter': 20000, 'regressor__penalty': 'elasticnet', 'regressor__tol': 0.0001}",-167662814.6921787,-166345670.4229507,-197724863.59986305,-139240305.43987992,-173528803.83986992,-168900491.59894848,18655033.067802645,121
0.36766357421875,0.02444542291373383,0.0030281543731689453,0.0005783663821927039,0.001,0.001,0.15,adaptive,huber,20000,l1,0.0001,"{'regressor__alpha': 0.001, 'regressor__eta0': 0.001, 'regressor__l1_ratio': 0.15, 'regressor__learning_rate': 'adaptive', 'regressor__loss': 'huber', 'regressor__max_iter': 20000, 'regressor__penalty': 'l1', 'regressor__tol': 0.0001}",-167662814.6921787,-166345670.4229507,-197724863.59986305,-139240305.43987992,-173528803.83986992,-168900491.59894848,18655033.067802645,121
0.6856892108917236,0.27110945840743955,0.006311655044555664,0.006132843695267306,0.0001,0.001,0.5,adaptive,huber,20000,elasticnet,0.0001,"{'regressor__alpha': 0.0001, 'regressor__eta0': 0.001, 'regressor__l1_ratio': 0.5, 'regressor__learning_rate': 'adaptive', 'regressor__loss': 'huber', 'regressor__max_iter': 20000, 'regressor__penalty': 'elasticnet', 'regressor__tol': 0.0001}",-167662814.6921787,-166345670.4229507,-197724863.59986305,-139240305.43987992,-173528803.83986992,-168900491.59894848,18655033.067802645,121
0.2874706745147705,0.007392376521830591,0.002597332000732422,0.0007629226891344802,0.01,0.001,0.15,adaptive,huber,20000,l1,0.0001,"{'regressor__alpha': 0.01, 'regressor__eta0': 0.001, 'regressor__l1_ratio': 0.15, 'regressor__learning_rate': 'adaptive', 'regressor__loss': 'huber', 'regressor__max_iter': 20000, 'regressor__penalty': 'l1', 'regressor__tol': 0.0001}",-167662814.6921787,-166345670.4229507,-197724863.59986305,-139240305.43987992,-173528803.83986992,-168900491.59894848,18655033.067802645,121
0.2818644046783447,0.005315904430659634,0.0030820369720458984,0.0017280975380925675,0.01,0.001,0.15,adaptive,huber,20000,elasticnet,0.0001,"{'regressor__alpha': 0.01, 'regressor__eta0': 0.001, 'regressor__l1_ratio': 0.15, 'regressor__learning_rate': 'adaptive', 'regressor__loss': 'huber', 'regressor__max_iter': 20000, 'regressor__penalty': 'elasticnet', 'regressor__tol': 0.0001}",-167662814.6921787,-166345670.4229507,-197724863.59986305,-139240305.43987992,-173528803.83986992,-168900491.59894848,18655033.067802645,121
0.9063066482543946,0.03924815415765708,0.0037488460540771483,0.0011679583727871137,0.0001,0.001,0.5,adaptive,huber,20000,l1,0.0001,"{'regressor__alpha': 0.0001, 'regressor__eta0': 0.001, 'regressor__l1_ratio': 0.5, 'regressor__learning_rate': 'adaptive', 'regressor__loss': 'huber', 'regressor__max_iter': 20000, 'regressor__penalty': 'l1', 'regressor__tol': 0.0001}",-167662814.6921787,-166345670.4229507,-197724863.59986305,-139240305.43987992,-173528803.83986992,-168900491.59894848,18655033.067802645,121
1.1359918594360352,0.48245528812184607,0.08300323486328125,0.06733679223574936,0.0001,0.001,0.15,adaptive,huber,20000,elasticnet,0.0001,"{'regressor__alpha': 0.0001, 'regressor__eta0': 0.001, 'regressor__l1_ratio': 0.15, 'regressor__learning_rate': 'adaptive', 'regressor__loss': 'huber', 'regressor__max_iter': 20000, 'regressor__penalty': 'elasticnet', 'regressor__tol': 0.0001}",-167662814.6921787,-166345670.4229507,-197724863.59986305,-139240305.43987992,-173528803.83986992,-168900491.59894848,18655033.067802645,121
0.45360555648803713,0.19072987680339978,0.016266441345214842,0.018181666497390236,0.0001,0.001,0.15,adaptive,huber,20000,l1,0.0001,"{'regressor__alpha': 0.0001, 'regressor__eta0': 0.001, 'regressor__l1_ratio': 0.15, 'regressor__learning_rate': 'adaptive', 'regressor__loss': 'huber', 'regressor__max_iter': 20000, 'regressor__penalty': 'l1', 'regressor__tol': 0.0001}",-167662814.6921787,-166345670.4229507,-197724863.59986305,-139240305.43987992,-173528803.83986992,-168900491.59894848,18655033.067802645,121
0.2715245246887207,0.01127262464527844,0.0025084495544433595,0.0002743679904198924,0.01,0.001,0.5,adaptive,huber,20000,l1,0.0001,"{'regressor__alpha': 0.01, 'regressor__eta0': 0.001, 'regressor__l1_ratio': 0.5, 'regressor__learning_rate': 'adaptive', 'regressor__loss': 'huber', 'regressor__max_iter': 20000, 'regressor__penalty': 'l1', 'regressor__tol': 0.0001}",-167662814.6921787,-166345670.4229507,-197724863.59986305,-139240305.43987992,-173528803.83986992,-168900491.59894848,18655033.067802645,121
0.31462974548339845,0.023607721271427032,0.003351306915283203,0.000796121521642144,0.001,0.001,0.5,adaptive,huber,20000,elasticnet,0.0001,"{'regressor__alpha': 0.001, 'regressor__eta0': 0.001, 'regressor__l1_ratio': 0.5, 'regressor__learning_rate': 'adaptive', 'regressor__loss': 'huber', 'regressor__max_iter': 20000, 'regressor__penalty': 'elasticnet', 'regressor__tol': 0.0001}",-167662814.6921787,-166345670.4229507,-197724863.59986305,-139240305.43987992,-173528803.83986992,-168900491.59894848,18655033.067802645,121
0.1775423526763916,0.0062154020389272304,0.0026489734649658204,0.00019044040361690932,1e-05,0.001,0.5,adaptive,huber,20000,l2,0.0001,"{'regressor__alpha': 1e-05, 'regressor__eta0': 0.001, 'regressor__l1_ratio': 0.5, 'regressor__learning_rate': 'adaptive', 'regressor__loss': 'huber', 'regressor__max_iter': 20000, 'regressor__penalty': 'l2', 'regressor__tol': 0.0001}",-167662814.64056084,-166345670.46697533,-197724863.61564177,-139240305.45929807,-173528803.87362483,-168900491.61122018,18655033.067657966,137
0.2322470188140869,0.053488627821194464,0.002775239944458008,0.0003452555043796627,1e-05,0.001,0.15,adaptive,huber,20000,l2,0.0001,"{'regressor__alpha': 1e-05, 'regressor__eta0': 0.001, 'regressor__l1_ratio': 0.15, 'regressor__learning_rate': 'adaptive', 'regressor__loss': 'huber', 'regressor__max_iter': 20000, 'regressor__penalty': 'l2', 'regressor__tol': 0.0001}",-167662814.64056084,-166345670.46697533,-197724863.61564177,-139240305.45929807,-173528803.87362483,-168900491.61122018,18655033.067657966,137
0.1795215606689453,0.0024644513429003677,0.0026222705841064454,0.0005878770327127958,0.0001,0.001,0.15,adaptive,huber,20000,l2,0.0001,"{'regressor__alpha': 0.0001, 'regressor__eta0': 0.001, 'regressor__l1_ratio': 0.15, 'regressor__learning_rate': 'adaptive', 'regressor__loss': 'huber', 'regressor__max_iter': 20000, 'regressor__penalty': 'l2', 'regressor__tol': 0.0001}",-167662814.22004843,-166345670.8256252,-197724863.74399766,-139240305.61729285,-173528804.14835083,-168900491.711063,18655033.066471305,139
0.3702854633331299,0.00985752572040142,0.005136919021606445,0.0019260197540301182,0.0001,0.001,0.5,adaptive,huber,20000,l2,0.0001,"{'regressor__alpha': 0.0001, 'regressor__eta0': 0.001, 'regressor__l1_ratio': 0.5, 'regressor__learning_rate': 'adaptive', 'regressor__loss': 'huber', 'regressor__max_iter': 20000, 'regressor__penalty': 'l2', 'regressor__tol': 0.0001}",-167662814.22004843,-166345670.8256252,-197724863.74399766,-139240305.61729285,-173528804.14835083,-168900491.711063,18655033.066471305,139
0.25417475700378417,0.010130641410424067,0.0030382156372070314,0.0008051583339021912,0.001,0.001,0.15,adaptive,huber,20000,l2,0.0001,"{'regressor__alpha': 0.001, 'regressor__eta0': 0.001, 'regressor__l1_ratio': 0.15, 'regressor__learning_rate': 'adaptive', 'regressor__loss': 'huber', 'regressor__max_iter': 20000, 'regressor__penalty': 'l2', 'regressor__tol': 0.0001}",-167662812.45341104,-166345672.33277795,-197724864.2763153,-139240306.27425352,-173528805.29428586,-168900492.12620872,18655033.061088484,141
0.18413467407226564,0.005360266467997701,0.0024764537811279297,0.00035311837623244014,0.001,0.001,0.5,adaptive,huber,20000,l2,0.0001,"{'regressor__alpha': 0.001, 'regressor__eta0': 0.001, 'regressor__l1_ratio': 0.5, 'regressor__learning_rate': 'adaptive', 'regressor__loss': 'huber', 'regressor__max_iter': 20000, 'regressor__penalty': 'l2', 'regressor__tol': 0.0001}",-167662812.45341104,-166345672.33277795,-197724864.2763153,-139240306.27425352,-173528805.29428586,-168900492.12620872,18655033.061088484,141
0.18251523971557618,0.01186668626712059,0.0025096893310546874,0.00022179697910542398,0.01,0.001,0.15,adaptive,huber,20000,l2,0.0001,"{'regressor__alpha': 0.01, 'regressor__eta0': 0.001, 'regressor__l1_ratio': 0.15, 'regressor__learning_rate': 'adaptive', 'regressor__loss': 'huber', 'regressor__max_iter': 20000, 'regressor__penalty': 'l2', 'regressor__tol': 0.0001}",-167662812.12459832,-166345672.6311229,-197724864.33701444,-139240306.37353632,-173528805.50537232,-168900492.19432884,18655033.054940972,143
0.16729474067687988,0.002317072488756123,0.0026386260986328127,0.00034269027599257936,0.01,0.001,0.5,adaptive,huber,20000,l2,0.0001,"{'regressor__alpha': 0.01, 'regressor__eta0': 0.001, 'regressor__l1_ratio': 0.5, 'regressor__learning_rate': 'adaptive', 'regressor__loss': 'huber', 'regressor__max_iter': 20000, 'regressor__penalty': 'l2', 'regressor__tol': 0.0001}",-167662812.12459832,-166345672.6311229,-197724864.33701444,-139240306.37353632,-173528805.50537232,-168900492.19432884,18655033.054940972,143
